Main Category,Sub Category,2018 Onward ACS/PRCS,Occupation title
Not Applicable,Not Applicable,0,"Not Applicable (Under 16 years or not in the labor force, who last worked more than 5 years ago--also see occ code 992 or occsoc code 999920)"
"MANAGEMENT, BUSINESS, SCIENCE, AND ARTS OCCUPATIONS:",Management Occupations:,1110XX,Chief Executives and Legislators
"MANAGEMENT, BUSINESS, SCIENCE, AND ARTS OCCUPATIONS:",Management Occupations:,111021,General and Operations Managers
"MANAGEMENT, BUSINESS, SCIENCE, AND ARTS OCCUPATIONS:",Management Occupations:,112011,Advertising and Promotions Managers
"MANAGEMENT, BUSINESS, SCIENCE, AND ARTS OCCUPATIONS:",Management Occupations:,112021,Marketing Managers
"MANAGEMENT, BUSINESS, SCIENCE, AND ARTS OCCUPATIONS:",Management Occupations:,112022,Sales Managers
"MANAGEMENT, BUSINESS, SCIENCE, AND ARTS OCCUPATIONS:",Management Occupations:,112030,Public Relations and Fundraising Managers
"MANAGEMENT, BUSINESS, SCIENCE, AND ARTS OCCUPATIONS:",Management Occupations:,113012,Administrative Services Managers
"MANAGEMENT, BUSINESS, SCIENCE, AND ARTS OCCUPATIONS:",Management Occupations:,113013,Facilities Managers
"MANAGEMENT, BUSINESS, SCIENCE, AND ARTS OCCUPATIONS:",Management Occupations:,113021,Computer and Information Systems Managers
"MANAGEMENT, BUSINESS, SCIENCE, AND ARTS OCCUPATIONS:",Management Occupations:,113031,Financial Managers
"MANAGEMENT, BUSINESS, SCIENCE, AND ARTS OCCUPATIONS:",Management Occupations:,113111,Compensation and Benefits Managers
"MANAGEMENT, BUSINESS, SCIENCE, AND ARTS OCCUPATIONS:",Management Occupations:,113121,Human Resources Managers
"MANAGEMENT, BUSINESS, SCIENCE, AND ARTS OCCUPATIONS:",Management Occupations:,113131,Training and Development Managers
"MANAGEMENT, BUSINESS, SCIENCE, AND ARTS OCCUPATIONS:",Management Occupations:,113051,Industrial Production Managers
"MANAGEMENT, BUSINESS, SCIENCE, AND ARTS OCCUPATIONS:",Management Occupations:,113061,Purchasing Managers
"MANAGEMENT, BUSINESS, SCIENCE, AND ARTS OCCUPATIONS:",Management Occupations:,113071,"Transportation, Storage, and Distribution Managers"
"MANAGEMENT, BUSINESS, SCIENCE, AND ARTS OCCUPATIONS:",Management Occupations:,119013,"Farmers, Ranchers, and Other Agricultural Managers"
"MANAGEMENT, BUSINESS, SCIENCE, AND ARTS OCCUPATIONS:",Management Occupations:,119021,Constructions Managers
"MANAGEMENT, BUSINESS, SCIENCE, AND ARTS OCCUPATIONS:",Management Occupations:,119030,Education And Childcare Administrators
"MANAGEMENT, BUSINESS, SCIENCE, AND ARTS OCCUPATIONS:",Management Occupations:,119041,Architectural and Engineering Managers
"MANAGEMENT, BUSINESS, SCIENCE, AND ARTS OCCUPATIONS:",Management Occupations:,119051,Food Service Managers
"MANAGEMENT, BUSINESS, SCIENCE, AND ARTS OCCUPATIONS:",Management Occupations:,119070,Entertainment And Recreation Managers
"MANAGEMENT, BUSINESS, SCIENCE, AND ARTS OCCUPATIONS:",Management Occupations:,119081,Lodging Managers
"MANAGEMENT, BUSINESS, SCIENCE, AND ARTS OCCUPATIONS:",Management Occupations:,119111,Medical and Health Services Managers
"MANAGEMENT, BUSINESS, SCIENCE, AND ARTS OCCUPATIONS:",Management Occupations:,119121,Natural Science Managers
"MANAGEMENT, BUSINESS, SCIENCE, AND ARTS OCCUPATIONS:",Management Occupations:,119141,"Property, Real Estate, and Community Association Managers"
"MANAGEMENT, BUSINESS, SCIENCE, AND ARTS OCCUPATIONS:",Management Occupations:,119151,Social and Community Service Managers
"MANAGEMENT, BUSINESS, SCIENCE, AND ARTS OCCUPATIONS:",Management Occupations:,119161,Emergency Management Directors
"MANAGEMENT, BUSINESS, SCIENCE, AND ARTS OCCUPATIONS:",Management Occupations:,1191XX,Other Managers
"MANAGEMENT, BUSINESS, SCIENCE, AND ARTS OCCUPATIONS:",Business and Financial Operations Occupations:,131011,"Agents and Business Managers of Artists, Performers, and Athletes"
"MANAGEMENT, BUSINESS, SCIENCE, AND ARTS OCCUPATIONS:",Business and Financial Operations Occupations:,131021,"Buyers and Purchasing Agents, Farm Products"
"MANAGEMENT, BUSINESS, SCIENCE, AND ARTS OCCUPATIONS:",Business and Financial Operations Occupations:,131022,"Wholesale and Retail Buyers, Except Farm Products"
"MANAGEMENT, BUSINESS, SCIENCE, AND ARTS OCCUPATIONS:",Business and Financial Operations Occupations:,131023,"Purchasing Agents, Except Wholesale, Retail, and Farm Products"
"MANAGEMENT, BUSINESS, SCIENCE, AND ARTS OCCUPATIONS:",Business and Financial Operations Occupations:,131030,"Claims Adjusters, Appraisers, Examiners, and Investigators"
"MANAGEMENT, BUSINESS, SCIENCE, AND ARTS OCCUPATIONS:",Business and Financial Operations Occupations:,131041,Compliance Officers
"MANAGEMENT, BUSINESS, SCIENCE, AND ARTS OCCUPATIONS:",Business and Financial Operations Occupations:,131051,Cost Estimators
"MANAGEMENT, BUSINESS, SCIENCE, AND ARTS OCCUPATIONS:",Business and Financial Operations Occupations:,131070,Human Resources Workers
"MANAGEMENT, BUSINESS, SCIENCE, AND ARTS OCCUPATIONS:",Business and Financial Operations Occupations:,131141,"Compensation, Benefits, and Job Analysis Specialists"
"MANAGEMENT, BUSINESS, SCIENCE, AND ARTS OCCUPATIONS:",Business and Financial Operations Occupations:,131151,Training and Development Specialists
"MANAGEMENT, BUSINESS, SCIENCE, AND ARTS OCCUPATIONS:",Business and Financial Operations Occupations:,131081,Logisticians
"MANAGEMENT, BUSINESS, SCIENCE, AND ARTS OCCUPATIONS:",Business and Financial Operations Occupations:,131082,Project Management Specialists
"MANAGEMENT, BUSINESS, SCIENCE, AND ARTS OCCUPATIONS:",Business and Financial Operations Occupations:,131111,Management Analysts
"MANAGEMENT, BUSINESS, SCIENCE, AND ARTS OCCUPATIONS:",Business and Financial Operations Occupations:,131121,"Meeting, Convention, and Event Planners"
"MANAGEMENT, BUSINESS, SCIENCE, AND ARTS OCCUPATIONS:",Business and Financial Operations Occupations:,131131,Fundraisers
"MANAGEMENT, BUSINESS, SCIENCE, AND ARTS OCCUPATIONS:",Business and Financial Operations Occupations:,131161,Market Research Analysts and Marketing Specialists
"MANAGEMENT, BUSINESS, SCIENCE, AND ARTS OCCUPATIONS:",Business and Financial Operations Occupations:,131199,"Business Operations Specialists, All Other"
"MANAGEMENT, BUSINESS, SCIENCE, AND ARTS OCCUPATIONS:",Business and Financial Operations Occupations:,132011,Accountants and Auditors
"MANAGEMENT, BUSINESS, SCIENCE, AND ARTS OCCUPATIONS:",Business and Financial Operations Occupations:,132020,Property appraisers and assessors
"MANAGEMENT, BUSINESS, SCIENCE, AND ARTS OCCUPATIONS:",Business and Financial Operations Occupations:,132031,Budget Analysts
"MANAGEMENT, BUSINESS, SCIENCE, AND ARTS OCCUPATIONS:",Business and Financial Operations Occupations:,132041,Credit Analysts
"MANAGEMENT, BUSINESS, SCIENCE, AND ARTS OCCUPATIONS:",Business and Financial Operations Occupations:,132051,Financial and Investment Analysts
"MANAGEMENT, BUSINESS, SCIENCE, AND ARTS OCCUPATIONS:",Business and Financial Operations Occupations:,132052,Personal Financial Advisors
"MANAGEMENT, BUSINESS, SCIENCE, AND ARTS OCCUPATIONS:",Business and Financial Operations Occupations:,132053,Insurance Underwriters
"MANAGEMENT, BUSINESS, SCIENCE, AND ARTS OCCUPATIONS:",Business and Financial Operations Occupations:,132061,Financial Examiners
"MANAGEMENT, BUSINESS, SCIENCE, AND ARTS OCCUPATIONS:",Business and Financial Operations Occupations:,132070,Credit Counselors and Loan Officers
"MANAGEMENT, BUSINESS, SCIENCE, AND ARTS OCCUPATIONS:",Business and Financial Operations Occupations:,132081,"Tax Examiners and Collectors, and Revenue Agents"
"MANAGEMENT, BUSINESS, SCIENCE, AND ARTS OCCUPATIONS:",Business and Financial Operations Occupations:,132082,Tax Preparers
"MANAGEMENT, BUSINESS, SCIENCE, AND ARTS OCCUPATIONS:",Business and Financial Operations Occupations:,1320XX,Other Financial Specialists
"MANAGEMENT, BUSINESS, SCIENCE, AND ARTS OCCUPATIONS:",Computer and Mathematical Occupations:,151221,Computer And Information Research Scientists
"MANAGEMENT, BUSINESS, SCIENCE, AND ARTS OCCUPATIONS:",Computer and Mathematical Occupations:,151211,Computer Systems Analysts
"MANAGEMENT, BUSINESS, SCIENCE, AND ARTS OCCUPATIONS:",Computer and Mathematical Occupations:,151212,Information Security Analysts
"MANAGEMENT, BUSINESS, SCIENCE, AND ARTS OCCUPATIONS:",Computer and Mathematical Occupations:,151251,Computer Programmers
"MANAGEMENT, BUSINESS, SCIENCE, AND ARTS OCCUPATIONS:",Computer and Mathematical Occupations:,151252,Software Developers
"MANAGEMENT, BUSINESS, SCIENCE, AND ARTS OCCUPATIONS:",Computer and Mathematical Occupations:,151253,Software Quality Assurance Analysts And Testers
"MANAGEMENT, BUSINESS, SCIENCE, AND ARTS OCCUPATIONS:",Computer and Mathematical Occupations:,151254,Web Developers
"MANAGEMENT, BUSINESS, SCIENCE, AND ARTS OCCUPATIONS:",Computer and Mathematical Occupations:,151255,Web And Digital Interface Designers
"MANAGEMENT, BUSINESS, SCIENCE, AND ARTS OCCUPATIONS:",Computer and Mathematical Occupations:,151230,Computer Support Specialists
"MANAGEMENT, BUSINESS, SCIENCE, AND ARTS OCCUPATIONS:",Computer and Mathematical Occupations:,15124X,Database Administrators And Architects
"MANAGEMENT, BUSINESS, SCIENCE, AND ARTS OCCUPATIONS:",Computer and Mathematical Occupations:,151244,Network And Computer Systems Administrators
"MANAGEMENT, BUSINESS, SCIENCE, AND ARTS OCCUPATIONS:",Computer and Mathematical Occupations:,151241,Computer Network Architects
"MANAGEMENT, BUSINESS, SCIENCE, AND ARTS OCCUPATIONS:",Computer and Mathematical Occupations:,151299,"Computer Occupations, All Other"
"MANAGEMENT, BUSINESS, SCIENCE, AND ARTS OCCUPATIONS:",Computer and Mathematical Occupations:,152011,Actuaries
"MANAGEMENT, BUSINESS, SCIENCE, AND ARTS OCCUPATIONS:",Computer and Mathematical Occupations:,152031,Operations Research Analysts
"MANAGEMENT, BUSINESS, SCIENCE, AND ARTS OCCUPATIONS:",Computer and Mathematical Occupations:,1520XX,Other Mathematical Science Occupations
"MANAGEMENT, BUSINESS, SCIENCE, AND ARTS OCCUPATIONS:",Architecture and Engineering Occupations:,171011,"Architects, Except Landscape And Naval"
"MANAGEMENT, BUSINESS, SCIENCE, AND ARTS OCCUPATIONS:",Architecture and Engineering Occupations:,171012,Landscape Architects
"MANAGEMENT, BUSINESS, SCIENCE, AND ARTS OCCUPATIONS:",Architecture and Engineering Occupations:,171020,"Surveyors, Cartographers, and Photogrammetrists"
"MANAGEMENT, BUSINESS, SCIENCE, AND ARTS OCCUPATIONS:",Architecture and Engineering Occupations:,172011,Aerospace Engineers
"MANAGEMENT, BUSINESS, SCIENCE, AND ARTS OCCUPATIONS:",Architecture and Engineering Occupations:,1720XX,Biomedical and Agricultural Engineers
"MANAGEMENT, BUSINESS, SCIENCE, AND ARTS OCCUPATIONS:",Architecture and Engineering Occupations:,172041,Chemical Engineers
"MANAGEMENT, BUSINESS, SCIENCE, AND ARTS OCCUPATIONS:",Architecture and Engineering Occupations:,172051,Civil Engineers
"MANAGEMENT, BUSINESS, SCIENCE, AND ARTS OCCUPATIONS:",Architecture and Engineering Occupations:,172061,Computer Hardware Engineers
"MANAGEMENT, BUSINESS, SCIENCE, AND ARTS OCCUPATIONS:",Architecture and Engineering Occupations:,172070,Electrical and Electronics Engineers
"MANAGEMENT, BUSINESS, SCIENCE, AND ARTS OCCUPATIONS:",Architecture and Engineering Occupations:,172081,Environmental Engineers
"MANAGEMENT, BUSINESS, SCIENCE, AND ARTS OCCUPATIONS:",Architecture and Engineering Occupations:,172110,"Industrial Engineers, including Health and Safety"
"MANAGEMENT, BUSINESS, SCIENCE, AND ARTS OCCUPATIONS:",Architecture and Engineering Occupations:,172121,Marine Engineers and Naval Architects
"MANAGEMENT, BUSINESS, SCIENCE, AND ARTS OCCUPATIONS:",Architecture and Engineering Occupations:,172131,Materials Engineers
"MANAGEMENT, BUSINESS, SCIENCE, AND ARTS OCCUPATIONS:",Architecture and Engineering Occupations:,172141,Mechanical Engineers
"MANAGEMENT, BUSINESS, SCIENCE, AND ARTS OCCUPATIONS:",Architecture and Engineering Occupations:,1721XX,"Petroleum, mining and geological engineers, including mining safety engineers"
"MANAGEMENT, BUSINESS, SCIENCE, AND ARTS OCCUPATIONS:",Architecture and Engineering Occupations:,1721YY,Other Engineers
"MANAGEMENT, BUSINESS, SCIENCE, AND ARTS OCCUPATIONS:",Architecture and Engineering Occupations:,173011,Architectural and Civil Drafters
"MANAGEMENT, BUSINESS, SCIENCE, AND ARTS OCCUPATIONS:",Architecture and Engineering Occupations:,17301X,Other Drafters
"MANAGEMENT, BUSINESS, SCIENCE, AND ARTS OCCUPATIONS:",Architecture and Engineering Occupations:,173023,Electrical and Electronic Engineering Technologists And Technicians
"MANAGEMENT, BUSINESS, SCIENCE, AND ARTS OCCUPATIONS:",Architecture and Engineering Occupations:,17302X,"Other Engineering Technologists And Technicians, Except Drafters"
"MANAGEMENT, BUSINESS, SCIENCE, AND ARTS OCCUPATIONS:",Architecture and Engineering Occupations:,173031,Surveying and Mapping Technicians
"MANAGEMENT, BUSINESS, SCIENCE, AND ARTS OCCUPATIONS:","Life, Physical, and Social Science Occupations:",191010,Agricultural and Food Scientists
"MANAGEMENT, BUSINESS, SCIENCE, AND ARTS OCCUPATIONS:","Life, Physical, and Social Science Occupations:",191020,Biological Scientists
"MANAGEMENT, BUSINESS, SCIENCE, AND ARTS OCCUPATIONS:","Life, Physical, and Social Science Occupations:",191030,Conservation Scientists and Foresters
"MANAGEMENT, BUSINESS, SCIENCE, AND ARTS OCCUPATIONS:","Life, Physical, and Social Science Occupations:",1910XX,Other life scientists
"MANAGEMENT, BUSINESS, SCIENCE, AND ARTS OCCUPATIONS:","Life, Physical, and Social Science Occupations:",192010,Astronomers and Physicists
"MANAGEMENT, BUSINESS, SCIENCE, AND ARTS OCCUPATIONS:","Life, Physical, and Social Science Occupations:",192021,Atmospheric and Space Scientists
"MANAGEMENT, BUSINESS, SCIENCE, AND ARTS OCCUPATIONS:","Life, Physical, and Social Science Occupations:",192030,Chemists and Materials Scientists
"MANAGEMENT, BUSINESS, SCIENCE, AND ARTS OCCUPATIONS:","Life, Physical, and Social Science Occupations:",192041,"Environmental Scientists And Specialists, Including Health"
"MANAGEMENT, BUSINESS, SCIENCE, AND ARTS OCCUPATIONS:","Life, Physical, and Social Science Occupations:",19204X,"Geoscientists And Hydrologists, Except Geographers"
"MANAGEMENT, BUSINESS, SCIENCE, AND ARTS OCCUPATIONS:","Life, Physical, and Social Science Occupations:",192099,"Physical Scientists, All Other"
"MANAGEMENT, BUSINESS, SCIENCE, AND ARTS OCCUPATIONS:","Life, Physical, and Social Science Occupations:",193011,Economists
"MANAGEMENT, BUSINESS, SCIENCE, AND ARTS OCCUPATIONS:","Life, Physical, and Social Science Occupations:",193033,Clinical And Counseling Psychologists
"MANAGEMENT, BUSINESS, SCIENCE, AND ARTS OCCUPATIONS:","Life, Physical, and Social Science Occupations:",193034,School Psychologists
"MANAGEMENT, BUSINESS, SCIENCE, AND ARTS OCCUPATIONS:","Life, Physical, and Social Science Occupations:",19303X,Other Psychologists
"MANAGEMENT, BUSINESS, SCIENCE, AND ARTS OCCUPATIONS:","Life, Physical, and Social Science Occupations:",193051,Urban and Regional Planners
"MANAGEMENT, BUSINESS, SCIENCE, AND ARTS OCCUPATIONS:","Life, Physical, and Social Science Occupations:",1930XX,Other Social Scientists
"MANAGEMENT, BUSINESS, SCIENCE, AND ARTS OCCUPATIONS:","Life, Physical, and Social Science Occupations:",194010,Agricultural and Food Science Technicians
"MANAGEMENT, BUSINESS, SCIENCE, AND ARTS OCCUPATIONS:","Life, Physical, and Social Science Occupations:",194021,Biological Technicians
"MANAGEMENT, BUSINESS, SCIENCE, AND ARTS OCCUPATIONS:","Life, Physical, and Social Science Occupations:",194031,Chemical Technicians
"MANAGEMENT, BUSINESS, SCIENCE, AND ARTS OCCUPATIONS:","Life, Physical, and Social Science Occupations:",1940XX,"Environmental Science And Geoscience Technicians, And Nuclear Technicians"
"MANAGEMENT, BUSINESS, SCIENCE, AND ARTS OCCUPATIONS:","Life, Physical, and Social Science Occupations:",1940YY,"Other Life, Physical, And Social Science Technicians"
"MANAGEMENT, BUSINESS, SCIENCE, AND ARTS OCCUPATIONS:","Life, Physical, and Social Science Occupations:",195010,Occupational Health And Safety Specialists And Technicians
"MANAGEMENT, BUSINESS, SCIENCE, AND ARTS OCCUPATIONS:",Community and Social Service Occupations:,211011,Substance Abuse And Behavioral Disorder Counselors
"MANAGEMENT, BUSINESS, SCIENCE, AND ARTS OCCUPATIONS:",Community and Social Service Occupations:,211012,"Educational, Guidance, And Career Counselors And Advisors"
"MANAGEMENT, BUSINESS, SCIENCE, AND ARTS OCCUPATIONS:",Community and Social Service Occupations:,211013,Marriage And Family Therapists
"MANAGEMENT, BUSINESS, SCIENCE, AND ARTS OCCUPATIONS:",Community and Social Service Occupations:,211014,Mental Health Counselors
"MANAGEMENT, BUSINESS, SCIENCE, AND ARTS OCCUPATIONS:",Community and Social Service Occupations:,211015,Rehabilitation Counselors
"MANAGEMENT, BUSINESS, SCIENCE, AND ARTS OCCUPATIONS:",Community and Social Service Occupations:,211019,"Counselors, All Other"
"MANAGEMENT, BUSINESS, SCIENCE, AND ARTS OCCUPATIONS:",Community and Social Service Occupations:,211021,"Child, Family, And School Social Workers"
"MANAGEMENT, BUSINESS, SCIENCE, AND ARTS OCCUPATIONS:",Community and Social Service Occupations:,211022,Healthcare Social Workers
"MANAGEMENT, BUSINESS, SCIENCE, AND ARTS OCCUPATIONS:",Community and Social Service Occupations:,211023,Mental Health And Substance Abuse Social Workers
"MANAGEMENT, BUSINESS, SCIENCE, AND ARTS OCCUPATIONS:",Community and Social Service Occupations:,211029,Social Workers All Other
"MANAGEMENT, BUSINESS, SCIENCE, AND ARTS OCCUPATIONS:",Community and Social Service Occupations:,211092,Probation Officers and Correctional Treatment Specialists
"MANAGEMENT, BUSINESS, SCIENCE, AND ARTS OCCUPATIONS:",Community and Social Service Occupations:,211093,Social and Human Service Assistants
"MANAGEMENT, BUSINESS, SCIENCE, AND ARTS OCCUPATIONS:",Community and Social Service Occupations:,21109X,Other Community And Social Service Specialists
"MANAGEMENT, BUSINESS, SCIENCE, AND ARTS OCCUPATIONS:",Community and Social Service Occupations:,212011,Clergy
"MANAGEMENT, BUSINESS, SCIENCE, AND ARTS OCCUPATIONS:",Community and Social Service Occupations:,212021,"Directors, Religious Activities and Education"
"MANAGEMENT, BUSINESS, SCIENCE, AND ARTS OCCUPATIONS:",Community and Social Service Occupations:,212099,"Religious Workers, All Other"
"MANAGEMENT, BUSINESS, SCIENCE, AND ARTS OCCUPATIONS:",Legal Occupations:,2310XX,"Lawyers, and judges, magistrates, and other judicial workers"
"MANAGEMENT, BUSINESS, SCIENCE, AND ARTS OCCUPATIONS:",Legal Occupations:,231012,Judicial Law Clerks
"MANAGEMENT, BUSINESS, SCIENCE, AND ARTS OCCUPATIONS:",Legal Occupations:,232011,Paralegals and Legal Assistants
"MANAGEMENT, BUSINESS, SCIENCE, AND ARTS OCCUPATIONS:",Legal Occupations:,232093,"Title Examiners, Abstractors, And Searchers"
"MANAGEMENT, BUSINESS, SCIENCE, AND ARTS OCCUPATIONS:",Legal Occupations:,232099,"Legal Support Workers, All Other"
"MANAGEMENT, BUSINESS, SCIENCE, AND ARTS OCCUPATIONS:",Education Instruction and Library Occupations:,251000,Postsecondary Teachers
"MANAGEMENT, BUSINESS, SCIENCE, AND ARTS OCCUPATIONS:",Education Instruction and Library Occupations:,252010,Preschool and Kindergarten Teachers
"MANAGEMENT, BUSINESS, SCIENCE, AND ARTS OCCUPATIONS:",Education Instruction and Library Occupations:,252020,Elementary and Middle School Teachers
"MANAGEMENT, BUSINESS, SCIENCE, AND ARTS OCCUPATIONS:",Education Instruction and Library Occupations:,252030,Secondary School Teachers
"MANAGEMENT, BUSINESS, SCIENCE, AND ARTS OCCUPATIONS:",Education Instruction and Library Occupations:,252050,Special Education Teachers
"MANAGEMENT, BUSINESS, SCIENCE, AND ARTS OCCUPATIONS:",Education Instruction and Library Occupations:,253041,Tutors
"MANAGEMENT, BUSINESS, SCIENCE, AND ARTS OCCUPATIONS:",Education Instruction and Library Occupations:,2530XX,Other Teachers And Instructors
"MANAGEMENT, BUSINESS, SCIENCE, AND ARTS OCCUPATIONS:",Education Instruction and Library Occupations:,254010,"Archivists, Curators, and Museum Technicians"
"MANAGEMENT, BUSINESS, SCIENCE, AND ARTS OCCUPATIONS:",Education Instruction and Library Occupations:,254022,Librarians And Media Collections Specialists
"MANAGEMENT, BUSINESS, SCIENCE, AND ARTS OCCUPATIONS:",Education Instruction and Library Occupations:,254031,Library Technicians
"MANAGEMENT, BUSINESS, SCIENCE, AND ARTS OCCUPATIONS:",Education Instruction and Library Occupations:,259040,Teaching Assistants
"MANAGEMENT, BUSINESS, SCIENCE, AND ARTS OCCUPATIONS:",Education Instruction and Library Occupations:,2590XX,Other educational instruction and library workers
"MANAGEMENT, BUSINESS, SCIENCE, AND ARTS OCCUPATIONS:","Arts, Design, Entertainment, Sports, and Media Occupations:",271010,Artists and Related Workers
"MANAGEMENT, BUSINESS, SCIENCE, AND ARTS OCCUPATIONS:","Arts, Design, Entertainment, Sports, and Media Occupations:",271021,Commercial And Industrial Designers
"MANAGEMENT, BUSINESS, SCIENCE, AND ARTS OCCUPATIONS:","Arts, Design, Entertainment, Sports, and Media Occupations:",271022,Fashion Designers
"MANAGEMENT, BUSINESS, SCIENCE, AND ARTS OCCUPATIONS:","Arts, Design, Entertainment, Sports, and Media Occupations:",271023,Floral Designers
"MANAGEMENT, BUSINESS, SCIENCE, AND ARTS OCCUPATIONS:","Arts, Design, Entertainment, Sports, and Media Occupations:",271024,Graphic Designers
"MANAGEMENT, BUSINESS, SCIENCE, AND ARTS OCCUPATIONS:","Arts, Design, Entertainment, Sports, and Media Occupations:",271025,Interior Designers
"MANAGEMENT, BUSINESS, SCIENCE, AND ARTS OCCUPATIONS:","Arts, Design, Entertainment, Sports, and Media Occupations:",271026,Merchandise Displayers And Windows Trimmers
"MANAGEMENT, BUSINESS, SCIENCE, AND ARTS OCCUPATIONS:","Arts, Design, Entertainment, Sports, and Media Occupations:",27102X,Other Designers
"MANAGEMENT, BUSINESS, SCIENCE, AND ARTS OCCUPATIONS:","Arts, Design, Entertainment, Sports, and Media Occupations:",272011,Actors
"MANAGEMENT, BUSINESS, SCIENCE, AND ARTS OCCUPATIONS:","Arts, Design, Entertainment, Sports, and Media Occupations:",272012,Producers and Directors
"MANAGEMENT, BUSINESS, SCIENCE, AND ARTS OCCUPATIONS:","Arts, Design, Entertainment, Sports, and Media Occupations:",272021,Athletes And Sports Competitors
"MANAGEMENT, BUSINESS, SCIENCE, AND ARTS OCCUPATIONS:","Arts, Design, Entertainment, Sports, and Media Occupations:",272022,Coaches And Scouts
"MANAGEMENT, BUSINESS, SCIENCE, AND ARTS OCCUPATIONS:","Arts, Design, Entertainment, Sports, and Media Occupations:",272023,"Umpires, Referees, And Other Sports Officials"
"MANAGEMENT, BUSINESS, SCIENCE, AND ARTS OCCUPATIONS:","Arts, Design, Entertainment, Sports, and Media Occupations:",272030,Dancers and Choreographers
"MANAGEMENT, BUSINESS, SCIENCE, AND ARTS OCCUPATIONS:","Arts, Design, Entertainment, Sports, and Media Occupations:",272041,Music Directors And Composers
"MANAGEMENT, BUSINESS, SCIENCE, AND ARTS OCCUPATIONS:","Arts, Design, Entertainment, Sports, and Media Occupations:",272042,Musicians And Singers
"MANAGEMENT, BUSINESS, SCIENCE, AND ARTS OCCUPATIONS:","Arts, Design, Entertainment, Sports, and Media Occupations:",272091,"Disc Jockeys, Except Radio"
"MANAGEMENT, BUSINESS, SCIENCE, AND ARTS OCCUPATIONS:","Arts, Design, Entertainment, Sports, and Media Occupations:",272099,"Entertainers and Performers, Sports and Related Workers, All Other"
"MANAGEMENT, BUSINESS, SCIENCE, AND ARTS OCCUPATIONS:","Arts, Design, Entertainment, Sports, and Media Occupations:",273011,Broadcast Announcers And Radio Disc Jockeys
"MANAGEMENT, BUSINESS, SCIENCE, AND ARTS OCCUPATIONS:","Arts, Design, Entertainment, Sports, and Media Occupations:",273023,"News Analysts, Reporters, And Journalists"
"MANAGEMENT, BUSINESS, SCIENCE, AND ARTS OCCUPATIONS:","Arts, Design, Entertainment, Sports, and Media Occupations:",273031,Public Relations Specialists
"MANAGEMENT, BUSINESS, SCIENCE, AND ARTS OCCUPATIONS:","Arts, Design, Entertainment, Sports, and Media Occupations:",273041,Editors
"MANAGEMENT, BUSINESS, SCIENCE, AND ARTS OCCUPATIONS:","Arts, Design, Entertainment, Sports, and Media Occupations:",273042,Technical Writers
"MANAGEMENT, BUSINESS, SCIENCE, AND ARTS OCCUPATIONS:","Arts, Design, Entertainment, Sports, and Media Occupations:",273043,Writers and Authors
"MANAGEMENT, BUSINESS, SCIENCE, AND ARTS OCCUPATIONS:","Arts, Design, Entertainment, Sports, and Media Occupations:",273091,Interpreters And Translators
"MANAGEMENT, BUSINESS, SCIENCE, AND ARTS OCCUPATIONS:","Arts, Design, Entertainment, Sports, and Media Occupations:",273092,Court Reporters And Simultaneous Captioners
"MANAGEMENT, BUSINESS, SCIENCE, AND ARTS OCCUPATIONS:","Arts, Design, Entertainment, Sports, and Media Occupations:",273099,"Media And Communications Workers, All Other"
"MANAGEMENT, BUSINESS, SCIENCE, AND ARTS OCCUPATIONS:","Arts, Design, Entertainment, Sports, and Media Occupations:",2740XX,Other Media And Communication Equipment Workers
"MANAGEMENT, BUSINESS, SCIENCE, AND ARTS OCCUPATIONS:","Arts, Design, Entertainment, Sports, and Media Occupations:",274021,Photographers
"MANAGEMENT, BUSINESS, SCIENCE, AND ARTS OCCUPATIONS:","Arts, Design, Entertainment, Sports, and Media Occupations:",274030,"Television, Video, and Motion Picture Camera Operators and Editors"
"MANAGEMENT, BUSINESS, SCIENCE, AND ARTS OCCUPATIONS:",Healthcare Practitioners and Technical Occupations:,291011,Chiropractors
"MANAGEMENT, BUSINESS, SCIENCE, AND ARTS OCCUPATIONS:",Healthcare Practitioners and Technical Occupations:,291020,Dentists
"MANAGEMENT, BUSINESS, SCIENCE, AND ARTS OCCUPATIONS:",Healthcare Practitioners and Technical Occupations:,291031,Dieticians and Nutritionists
"MANAGEMENT, BUSINESS, SCIENCE, AND ARTS OCCUPATIONS:",Healthcare Practitioners and Technical Occupations:,291041,Optometrists
"MANAGEMENT, BUSINESS, SCIENCE, AND ARTS OCCUPATIONS:",Healthcare Practitioners and Technical Occupations:,291051,Pharmacists
"MANAGEMENT, BUSINESS, SCIENCE, AND ARTS OCCUPATIONS:",Healthcare Practitioners and Technical Occupations:,291210,Physicians
"MANAGEMENT, BUSINESS, SCIENCE, AND ARTS OCCUPATIONS:",Healthcare Practitioners and Technical Occupations:,291240,Surgeons
"MANAGEMENT, BUSINESS, SCIENCE, AND ARTS OCCUPATIONS:",Healthcare Practitioners and Technical Occupations:,291071,Physician Assistants
"MANAGEMENT, BUSINESS, SCIENCE, AND ARTS OCCUPATIONS:",Healthcare Practitioners and Technical Occupations:,291081,Podiatrists
"MANAGEMENT, BUSINESS, SCIENCE, AND ARTS OCCUPATIONS:",Healthcare Practitioners and Technical Occupations:,291181,Audiologists
"MANAGEMENT, BUSINESS, SCIENCE, AND ARTS OCCUPATIONS:",Healthcare Practitioners and Technical Occupations:,291122,Occupational Therapists
"MANAGEMENT, BUSINESS, SCIENCE, AND ARTS OCCUPATIONS:",Healthcare Practitioners and Technical Occupations:,291123,Physical Therapists
"MANAGEMENT, BUSINESS, SCIENCE, AND ARTS OCCUPATIONS:",Healthcare Practitioners and Technical Occupations:,291124,Radiation Therapists
"MANAGEMENT, BUSINESS, SCIENCE, AND ARTS OCCUPATIONS:",Healthcare Practitioners and Technical Occupations:,291125,Recreational Therapists
"MANAGEMENT, BUSINESS, SCIENCE, AND ARTS OCCUPATIONS:",Healthcare Practitioners and Technical Occupations:,291126,Respiratory Therapists
"MANAGEMENT, BUSINESS, SCIENCE, AND ARTS OCCUPATIONS:",Healthcare Practitioners and Technical Occupations:,291127,Speech-Language Pathologists
"MANAGEMENT, BUSINESS, SCIENCE, AND ARTS OCCUPATIONS:",Healthcare Practitioners and Technical Occupations:,29112X,Other Therapists
"MANAGEMENT, BUSINESS, SCIENCE, AND ARTS OCCUPATIONS:",Healthcare Practitioners and Technical Occupations:,291131,Veterinarians
"MANAGEMENT, BUSINESS, SCIENCE, AND ARTS OCCUPATIONS:",Healthcare Practitioners and Technical Occupations:,291141,Registered Nurses
"MANAGEMENT, BUSINESS, SCIENCE, AND ARTS OCCUPATIONS:",Healthcare Practitioners and Technical Occupations:,291151,Nurse Anesthetists
"MANAGEMENT, BUSINESS, SCIENCE, AND ARTS OCCUPATIONS:",Healthcare Practitioners and Technical Occupations:,2911XX,Nurse Practitioners and Nurse Midwives
"MANAGEMENT, BUSINESS, SCIENCE, AND ARTS OCCUPATIONS:",Healthcare Practitioners and Technical Occupations:,291291,Acupuncturists
"MANAGEMENT, BUSINESS, SCIENCE, AND ARTS OCCUPATIONS:",Healthcare Practitioners and Technical Occupations:,291299,"Healthcare Diagnosing Or Treating Practitioners, All Other"
"MANAGEMENT, BUSINESS, SCIENCE, AND ARTS OCCUPATIONS:",Healthcare Practitioners and Technical Occupations:,292010,Clinical Laboratory Technologists and Technicians
"MANAGEMENT, BUSINESS, SCIENCE, AND ARTS OCCUPATIONS:",Healthcare Practitioners and Technical Occupations:,291292,Dental Hygienists
"MANAGEMENT, BUSINESS, SCIENCE, AND ARTS OCCUPATIONS:",Healthcare Practitioners and Technical Occupations:,292031,Cardiovascular Technologists And Technicians
"MANAGEMENT, BUSINESS, SCIENCE, AND ARTS OCCUPATIONS:",Healthcare Practitioners and Technical Occupations:,292032,Diagnostic Medical Sonographers
"MANAGEMENT, BUSINESS, SCIENCE, AND ARTS OCCUPATIONS:",Healthcare Practitioners and Technical Occupations:,292034,Radiologic Technologists And Technicians
"MANAGEMENT, BUSINESS, SCIENCE, AND ARTS OCCUPATIONS:",Healthcare Practitioners and Technical Occupations:,292035,Magnetic Resonance Imaging Technologists
"MANAGEMENT, BUSINESS, SCIENCE, AND ARTS OCCUPATIONS:",Healthcare Practitioners and Technical Occupations:,29203X,Nuclear Medicine Technologists And Medical Dosimetrists
"MANAGEMENT, BUSINESS, SCIENCE, AND ARTS OCCUPATIONS:",Healthcare Practitioners and Technical Occupations:,292042,Emergency Medical Technicians
"MANAGEMENT, BUSINESS, SCIENCE, AND ARTS OCCUPATIONS:",Healthcare Practitioners and Technical Occupations:,292043,Paramedics
"MANAGEMENT, BUSINESS, SCIENCE, AND ARTS OCCUPATIONS:",Healthcare Practitioners and Technical Occupations:,292052,Pharmacy Technicians
"MANAGEMENT, BUSINESS, SCIENCE, AND ARTS OCCUPATIONS:",Healthcare Practitioners and Technical Occupations:,292053,Psychiatric Technicians
"MANAGEMENT, BUSINESS, SCIENCE, AND ARTS OCCUPATIONS:",Healthcare Practitioners and Technical Occupations:,292055,Surgical Technologists
"MANAGEMENT, BUSINESS, SCIENCE, AND ARTS OCCUPATIONS:",Healthcare Practitioners and Technical Occupations:,292056,Veterinary Technologists And Technicians
"MANAGEMENT, BUSINESS, SCIENCE, AND ARTS OCCUPATIONS:",Healthcare Practitioners and Technical Occupations:,29205X,Dietetic Technicians And Ophthalmic Medical Technicians
"MANAGEMENT, BUSINESS, SCIENCE, AND ARTS OCCUPATIONS:",Healthcare Practitioners and Technical Occupations:,292061,Licensed Practical and Licensed Vocational Nurses
"MANAGEMENT, BUSINESS, SCIENCE, AND ARTS OCCUPATIONS:",Healthcare Practitioners and Technical Occupations:,292072,Medical Records Specialists
"MANAGEMENT, BUSINESS, SCIENCE, AND ARTS OCCUPATIONS:",Healthcare Practitioners and Technical Occupations:,292081,"Opticians, Dispensing"
"MANAGEMENT, BUSINESS, SCIENCE, AND ARTS OCCUPATIONS:",Healthcare Practitioners and Technical Occupations:,292090,Miscellaneous Health Technologists and Technicians
"MANAGEMENT, BUSINESS, SCIENCE, AND ARTS OCCUPATIONS:",Healthcare Practitioners and Technical Occupations:,299000,Other Healthcare Practitioners and Technical Occupations
SERVICE OCCUPATIONS:,Healthcare Support Occupations:,311121,Home Health Aides
SERVICE OCCUPATIONS:,Healthcare Support Occupations:,311122,Personal Care Aides
SERVICE OCCUPATIONS:,Healthcare Support Occupations:,311131,Nursing Assistants
SERVICE OCCUPATIONS:,Healthcare Support Occupations:,31113X,Orderlies And Psychiatric Aides
SERVICE OCCUPATIONS:,Healthcare Support Occupations:,312010,Occupational Therapy Assistants and Aides
SERVICE OCCUPATIONS:,Healthcare Support Occupations:,312020,Physical Therapist Assistants and Aides
SERVICE OCCUPATIONS:,Healthcare Support Occupations:,319011,Massage Therapists
SERVICE OCCUPATIONS:,Healthcare Support Occupations:,319091,Dental Assistants
SERVICE OCCUPATIONS:,Healthcare Support Occupations:,319092,Medical Assistants
SERVICE OCCUPATIONS:,Healthcare Support Occupations:,319094,Medical Transcriptionists
SERVICE OCCUPATIONS:,Healthcare Support Occupations:,319095,Pharmacy Aides
SERVICE OCCUPATIONS:,Healthcare Support Occupations:,319096,Veterinary Assistants and Laboratory Animal Caretakers
SERVICE OCCUPATIONS:,Healthcare Support Occupations:,319097,Phlebotmists
SERVICE OCCUPATIONS:,Healthcare Support Occupations:,31909X,Other Healthcare Support Workers
SERVICE OCCUPATIONS:,Protective Service Occupations:,331011,First-Line Supervisors of Correctional Officers
SERVICE OCCUPATIONS:,Protective Service Occupations:,331012,First-Line Supervisors of Police and Detectives
SERVICE OCCUPATIONS:,Protective Service Occupations:,331021,First-Line Supervisors of Fire Fighting and Prevention Workers
SERVICE OCCUPATIONS:,Protective Service Occupations:,331090,"Miscellaneous First-Line Supervisors, Protective Service Workers"
SERVICE OCCUPATIONS:,Protective Service Occupations:,332011,Firefighters
SERVICE OCCUPATIONS:,Protective Service Occupations:,332020,Fire Inspectors
SERVICE OCCUPATIONS:,Protective Service Occupations:,333011,Bailiffs
SERVICE OCCUPATIONS:,Protective Service Occupations:,333012,Correctional Officers And Jailers
SERVICE OCCUPATIONS:,Protective Service Occupations:,333021,Detectives and Criminal Investigators
SERVICE OCCUPATIONS:,Protective Service Occupations:,3330XX,Fish And Game Wardens And Parking Enforcement Officers
SERVICE OCCUPATIONS:,Protective Service Occupations:,333050,Police Officers
SERVICE OCCUPATIONS:,Protective Service Occupations:,339011,Animal Control Workers
SERVICE OCCUPATIONS:,Protective Service Occupations:,339021,Private Detectives and Investigators
SERVICE OCCUPATIONS:,Protective Service Occupations:,339030,Security Guards and Gaming Surveillance Officers
SERVICE OCCUPATIONS:,Protective Service Occupations:,339091,Crossing Guards And Flaggers
SERVICE OCCUPATIONS:,Protective Service Occupations:,339093,Transportation Security Screeners
SERVICE OCCUPATIONS:,Protective Service Occupations:,339094,School Bus Monitors
SERVICE OCCUPATIONS:,Protective Service Occupations:,33909X,Other Protective Service Workers
SERVICE OCCUPATIONS:,Food Preparation and Serving Related Occupations:,351011,Chefs and Head Cooks
SERVICE OCCUPATIONS:,Food Preparation and Serving Related Occupations:,351012,First-Line Supervisors of Food Preparation and Serving Workers
SERVICE OCCUPATIONS:,Food Preparation and Serving Related Occupations:,352010,Cooks
SERVICE OCCUPATIONS:,Food Preparation and Serving Related Occupations:,352021,Food Preparation Workers
SERVICE OCCUPATIONS:,Food Preparation and Serving Related Occupations:,353011,Bartenders
SERVICE OCCUPATIONS:,Food Preparation and Serving Related Occupations:,353023,Fast Food And Counter Workers
SERVICE OCCUPATIONS:,Food Preparation and Serving Related Occupations:,353031,Waiters and Waitresses
SERVICE OCCUPATIONS:,Food Preparation and Serving Related Occupations:,353041,"Food Servers, Nonrestaurant"
SERVICE OCCUPATIONS:,Food Preparation and Serving Related Occupations:,359011,Dining Room and Cafeteria Attendants and Bartender Helpers
SERVICE OCCUPATIONS:,Food Preparation and Serving Related Occupations:,359021,Dishwashers
SERVICE OCCUPATIONS:,Food Preparation and Serving Related Occupations:,359031,"Host and Hostesses, Restaurant, Lounge, and Coffee Shop"
SERVICE OCCUPATIONS:,Food Preparation and Serving Related Occupations:,359099,"Food Preparation and Serving Related Workers, All Other"
SERVICE OCCUPATIONS:,Building and Grounds Cleaning and Maintenance Occupations:,371011,First-Line Supervisors of Housekeeping and Janitorial Workers
SERVICE OCCUPATIONS:,Building and Grounds Cleaning and Maintenance Occupations:,371012,"First-Line Supervisors of Landscaping, Lawn Service, and Groundskeeping Workers"
SERVICE OCCUPATIONS:,Building and Grounds Cleaning and Maintenance Occupations:,37201X,Janitors and Building Cleaners
SERVICE OCCUPATIONS:,Building and Grounds Cleaning and Maintenance Occupations:,372012,Maids and Housekeeping Cleaners
SERVICE OCCUPATIONS:,Building and Grounds Cleaning and Maintenance Occupations:,372021,Pest Control Workers
SERVICE OCCUPATIONS:,Building and Grounds Cleaning and Maintenance Occupations:,373011,Landscaping And Groundskeeping Workers
SERVICE OCCUPATIONS:,Building and Grounds Cleaning and Maintenance Occupations:,373013,Tree Trimmers And Pruners
SERVICE OCCUPATIONS:,Building and Grounds Cleaning and Maintenance Occupations:,37301X,Other Grounds Maintenance Workers
SERVICE OCCUPATIONS:,Personal Care and Service Occupations:,391000,Supervisors of Personal Care And Service Workers
SERVICE OCCUPATIONS:,Personal Care and Service Occupations:,392011,Animal Trainers
SERVICE OCCUPATIONS:,Personal Care and Service Occupations:,392021,Animal Caretakers
SERVICE OCCUPATIONS:,Personal Care and Service Occupations:,393010,Gambling Services Workers
SERVICE OCCUPATIONS:,Personal Care and Service Occupations:,393031,"Ushers, Lobby Attendants, and Ticket Takers"
SERVICE OCCUPATIONS:,Personal Care and Service Occupations:,3930XX,Other Entertainment Attendants And Related Workers
SERVICE OCCUPATIONS:,Personal Care and Service Occupations:,3940XX,"Embalmers, Crematory Operators, And Funeral Attendants"
SERVICE OCCUPATIONS:,Personal Care and Service Occupations:,394031,"Morticians, Undertakers, And Funeral Arrangers"
SERVICE OCCUPATIONS:,Personal Care and Service Occupations:,395011,Barbers
SERVICE OCCUPATIONS:,Personal Care and Service Occupations:,395012,"Hairdressers, Hairstylists, and Cosmetologists"
SERVICE OCCUPATIONS:,Personal Care and Service Occupations:,395092,Manicurists and Pedicurists
SERVICE OCCUPATIONS:,Personal Care and Service Occupations:,395094,Skincare Specialists
SERVICE OCCUPATIONS:,Personal Care and Service Occupations:,39509X,Other Personal Appearance Workers
SERVICE OCCUPATIONS:,Personal Care and Service Occupations:,396010,"Baggage Porters, Bellhops, and Concierges"
SERVICE OCCUPATIONS:,Personal Care and Service Occupations:,397010,Tour and Travel Guides
SERVICE OCCUPATIONS:,Personal Care and Service Occupations:,399011,Childcare Workers
SERVICE OCCUPATIONS:,Personal Care and Service Occupations:,399031,Exercise Trainers And Group Fitness Instructors
SERVICE OCCUPATIONS:,Personal Care and Service Occupations:,399032,Recreation Workers
SERVICE OCCUPATIONS:,Personal Care and Service Occupations:,399041,Residential Advisors
SERVICE OCCUPATIONS:,Personal Care and Service Occupations:,399099,"Personal Care and Service Workers, All Other"
SALES AND OFFICE OCCUPATIONS:,Sales and Related Occupations:,411011,First-Line Supervisors of Retail Sales Workers
SALES AND OFFICE OCCUPATIONS:,Sales and Related Occupations:,411012,First-Line Supervisors of Non-Retail Sales
SALES AND OFFICE OCCUPATIONS:,Sales and Related Occupations:,412010,Cashiers
SALES AND OFFICE OCCUPATIONS:,Sales and Related Occupations:,412021,Counter and Rental Clerks
SALES AND OFFICE OCCUPATIONS:,Sales and Related Occupations:,412022,Parts Salespersons
SALES AND OFFICE OCCUPATIONS:,Sales and Related Occupations:,412031,Retail Salespersons
SALES AND OFFICE OCCUPATIONS:,Sales and Related Occupations:,413011,Advertising Sales Agents
SALES AND OFFICE OCCUPATIONS:,Sales and Related Occupations:,413021,Insurance Sales Agents
SALES AND OFFICE OCCUPATIONS:,Sales and Related Occupations:,413031,"Securities, Commodities, and Financial Services Sales Agents"
SALES AND OFFICE OCCUPATIONS:,Sales and Related Occupations:,413041,Travel Agents
SALES AND OFFICE OCCUPATIONS:,Sales and Related Occupations:,413091,"Sales Representatives Of Services, Except Advertising, Insurance, Financial Services, And Travel"
SALES AND OFFICE OCCUPATIONS:,Sales and Related Occupations:,414010,"Sales Representatives, Wholesale and Manufacturing"
SALES AND OFFICE OCCUPATIONS:,Sales and Related Occupations:,419010,"Models, Demonstrators, and Product Promoters"
SALES AND OFFICE OCCUPATIONS:,Sales and Related Occupations:,419020,Real Estate Brokers and Sales Agents
SALES AND OFFICE OCCUPATIONS:,Sales and Related Occupations:,419031,Sales Engineers
SALES AND OFFICE OCCUPATIONS:,Sales and Related Occupations:,419041,Telemarketers
SALES AND OFFICE OCCUPATIONS:,Sales and Related Occupations:,419091,"Door-to-Door Sales Workers, News and Street Vendors, and Related Workers"
SALES AND OFFICE OCCUPATIONS:,Sales and Related Occupations:,419099,"Sales and Related Workers, All Other"
SALES AND OFFICE OCCUPATIONS:,Office and Administrative Support Occupations:,431011,First-Line Supervisors of Office and Administrative Support Workers
SALES AND OFFICE OCCUPATIONS:,Office and Administrative Support Occupations:,432011,"Switchboard Operators, Including Answering Service"
SALES AND OFFICE OCCUPATIONS:,Office and Administrative Support Occupations:,432021,Telephone Operators
SALES AND OFFICE OCCUPATIONS:,Office and Administrative Support Occupations:,432099,"Communications Equipment Operators, All Other"
SALES AND OFFICE OCCUPATIONS:,Office and Administrative Support Occupations:,433011,Bill and Account Collectors
SALES AND OFFICE OCCUPATIONS:,Office and Administrative Support Occupations:,433021,Billing and Posting Clerks
SALES AND OFFICE OCCUPATIONS:,Office and Administrative Support Occupations:,433031,"Bookkeeping, Accounting, and Auditing Clerks"
SALES AND OFFICE OCCUPATIONS:,Office and Administrative Support Occupations:,433051,Payroll and Timekeeping Clerks
SALES AND OFFICE OCCUPATIONS:,Office and Administrative Support Occupations:,433061,Procurement Clerks
SALES AND OFFICE OCCUPATIONS:,Office and Administrative Support Occupations:,433071,Tellers
SALES AND OFFICE OCCUPATIONS:,Office and Administrative Support Occupations:,4330XX,Other Financial Clerks
SALES AND OFFICE OCCUPATIONS:,Office and Administrative Support Occupations:,434031,"Court, Municipal, and License Clerks"
SALES AND OFFICE OCCUPATIONS:,Office and Administrative Support Occupations:,434041,"Credit Authorizers, Checkers, and Clerks"
SALES AND OFFICE OCCUPATIONS:,Office and Administrative Support Occupations:,434051,Customer Service Representatives
SALES AND OFFICE OCCUPATIONS:,Office and Administrative Support Occupations:,434061,"Eligibility Interviewers, Government Programs"
SALES AND OFFICE OCCUPATIONS:,Office and Administrative Support Occupations:,434071,File Clerks
SALES AND OFFICE OCCUPATIONS:,Office and Administrative Support Occupations:,434081,"Hotel, Motel, and Resort Desk Clerks"
SALES AND OFFICE OCCUPATIONS:,Office and Administrative Support Occupations:,434111,"Interviewers, Except Eligibility and Loan"
SALES AND OFFICE OCCUPATIONS:,Office and Administrative Support Occupations:,434121,"Library Assistants, Clerical"
SALES AND OFFICE OCCUPATIONS:,Office and Administrative Support Occupations:,434131,Loan Interviewers and Clerks
SALES AND OFFICE OCCUPATIONS:,Office and Administrative Support Occupations:,434141,New Account Clerks
SALES AND OFFICE OCCUPATIONS:,Office and Administrative Support Occupations:,434XXX,Correspondent clerks and order clerks
SALES AND OFFICE OCCUPATIONS:,Office and Administrative Support Occupations:,434161,"Human Resources Assistants, Except Payroll and Timekeeping"
SALES AND OFFICE OCCUPATIONS:,Office and Administrative Support Occupations:,434171,Receptionists and Information Clerks
SALES AND OFFICE OCCUPATIONS:,Office and Administrative Support Occupations:,434181,Reservation and Transportation Ticket Agents and Travel Clerks
SALES AND OFFICE OCCUPATIONS:,Office and Administrative Support Occupations:,434YYY,Other Information And Records Clerks
SALES AND OFFICE OCCUPATIONS:,Office and Administrative Support Occupations:,435011,Cargo and Freight Agents
SALES AND OFFICE OCCUPATIONS:,Office and Administrative Support Occupations:,435021,Couriers and Messengers
SALES AND OFFICE OCCUPATIONS:,Office and Administrative Support Occupations:,435031,Public Safety Telecommunicators
SALES AND OFFICE OCCUPATIONS:,Office and Administrative Support Occupations:,435032,"Dispatchers, Except Police, Fire, And Ambulance"
SALES AND OFFICE OCCUPATIONS:,Office and Administrative Support Occupations:,435041,"Meter Readers, Utilities"
SALES AND OFFICE OCCUPATIONS:,Office and Administrative Support Occupations:,435051,Postal Service Clerks
SALES AND OFFICE OCCUPATIONS:,Office and Administrative Support Occupations:,435052,Postal Service Mail Carriers
SALES AND OFFICE OCCUPATIONS:,Office and Administrative Support Occupations:,435053,"Postal Service Mail Sorters, Processors, and Processing Machine Operators"
SALES AND OFFICE OCCUPATIONS:,Office and Administrative Support Occupations:,435061,"Production, Planning, and Expediting Clerks"
SALES AND OFFICE OCCUPATIONS:,Office and Administrative Support Occupations:,435071,"Shipping, receiving, and inventory clerks"
SALES AND OFFICE OCCUPATIONS:,Office and Administrative Support Occupations:,435111,"Weighers, Measurers, Checkers, and Samplers, Recordkeeping"
SALES AND OFFICE OCCUPATIONS:,Office and Administrative Support Occupations:,436011,Executive Secretaries And Executive Administrative Assistants
SALES AND OFFICE OCCUPATIONS:,Office and Administrative Support Occupations:,436012,Legal Secretaries And Administrative Assistants
SALES AND OFFICE OCCUPATIONS:,Office and Administrative Support Occupations:,436013,Medical Secretaries And Administrative Assistants
SALES AND OFFICE OCCUPATIONS:,Office and Administrative Support Occupations:,436014,"Secretaries And Administrative, Except Legal, Medical, And Executive"
SALES AND OFFICE OCCUPATIONS:,Office and Administrative Support Occupations:,439021,Data Entry Keyers
SALES AND OFFICE OCCUPATIONS:,Office and Administrative Support Occupations:,439022,Word Processors and Typists
SALES AND OFFICE OCCUPATIONS:,Office and Administrative Support Occupations:,439041,Insurance Claims and Policy Processing Clerks
SALES AND OFFICE OCCUPATIONS:,Office and Administrative Support Occupations:,439051,"Mail Clerks and Mail Machine Operators, Except Postal Service"
SALES AND OFFICE OCCUPATIONS:,Office and Administrative Support Occupations:,439061,"Office Clerks, General"
SALES AND OFFICE OCCUPATIONS:,Office and Administrative Support Occupations:,439071,"Office Machine Operators, Except Computer"
SALES AND OFFICE OCCUPATIONS:,Office and Administrative Support Occupations:,439081,Proofreaders and Copy Markers
SALES AND OFFICE OCCUPATIONS:,Office and Administrative Support Occupations:,439111,Statistical Assistants
SALES AND OFFICE OCCUPATIONS:,Office and Administrative Support Occupations:,439XXX,Other Office And Administrative Support Workers
"NATURAL RESOURCES, CONSTRUCTION, AND MAINTENANCE OCCUPATIONS:","Farming, Fishing, and Forestry Occupations:",451011,"First-Line Supervisors of farming, fishing, and forestry workers"
"NATURAL RESOURCES, CONSTRUCTION, AND MAINTENANCE OCCUPATIONS:","Farming, Fishing, and Forestry Occupations:",452011,Agricultural Inspectors
"NATURAL RESOURCES, CONSTRUCTION, AND MAINTENANCE OCCUPATIONS:","Farming, Fishing, and Forestry Occupations:",452041,"Graders and Sorters, Agricultural Products"
"NATURAL RESOURCES, CONSTRUCTION, AND MAINTENANCE OCCUPATIONS:","Farming, Fishing, and Forestry Occupations:",4520XX,Other Agricultural Workers
"NATURAL RESOURCES, CONSTRUCTION, AND MAINTENANCE OCCUPATIONS:","Farming, Fishing, and Forestry Occupations:",453031,Fishing And Hunting Workers
"NATURAL RESOURCES, CONSTRUCTION, AND MAINTENANCE OCCUPATIONS:","Farming, Fishing, and Forestry Occupations:",454011,Forest and Conservation Workers
"NATURAL RESOURCES, CONSTRUCTION, AND MAINTENANCE OCCUPATIONS:","Farming, Fishing, and Forestry Occupations:",454020,Logging Workers
"NATURAL RESOURCES, CONSTRUCTION, AND MAINTENANCE OCCUPATIONS:",Construction and Extraction Occupations:,471011,First-Line Supervisors of Construction Trades and Extraction Workers
"NATURAL RESOURCES, CONSTRUCTION, AND MAINTENANCE OCCUPATIONS:",Construction and Extraction Occupations:,472011,Boilermakers
"NATURAL RESOURCES, CONSTRUCTION, AND MAINTENANCE OCCUPATIONS:",Construction and Extraction Occupations:,472XXX,"Brickmasons, Blockmasons, Stonemasons, and Reinforcing Iron and Rebar Workers"
"NATURAL RESOURCES, CONSTRUCTION, AND MAINTENANCE OCCUPATIONS:",Construction and Extraction Occupations:,472031,Carpenters
"NATURAL RESOURCES, CONSTRUCTION, AND MAINTENANCE OCCUPATIONS:",Construction and Extraction Occupations:,472040,"Carpet, Floor, and Tile Installers and Finishers"
"NATURAL RESOURCES, CONSTRUCTION, AND MAINTENANCE OCCUPATIONS:",Construction and Extraction Occupations:,472050,"Cement Masons, Concrete Finishers, and Terrazzo Workers"
"NATURAL RESOURCES, CONSTRUCTION, AND MAINTENANCE OCCUPATIONS:",Construction and Extraction Occupations:,472061,Construction Laborers
"NATURAL RESOURCES, CONSTRUCTION, AND MAINTENANCE OCCUPATIONS:",Construction and Extraction Occupations:,472070,Construction Equipment Operators
"NATURAL RESOURCES, CONSTRUCTION, AND MAINTENANCE OCCUPATIONS:",Construction and Extraction Occupations:,472080,"Drywall Installers, Ceiling Tile Installers, and Tapers"
"NATURAL RESOURCES, CONSTRUCTION, AND MAINTENANCE OCCUPATIONS:",Construction and Extraction Occupations:,472111,Electricians
"NATURAL RESOURCES, CONSTRUCTION, AND MAINTENANCE OCCUPATIONS:",Construction and Extraction Occupations:,472121,Glaziers
"NATURAL RESOURCES, CONSTRUCTION, AND MAINTENANCE OCCUPATIONS:",Construction and Extraction Occupations:,472130,Insulation Workers
"NATURAL RESOURCES, CONSTRUCTION, AND MAINTENANCE OCCUPATIONS:",Construction and Extraction Occupations:,472140,Painters and Paperhangers
"NATURAL RESOURCES, CONSTRUCTION, AND MAINTENANCE OCCUPATIONS:",Construction and Extraction Occupations:,472151,Pipelayers
"NATURAL RESOURCES, CONSTRUCTION, AND MAINTENANCE OCCUPATIONS:",Construction and Extraction Occupations:,472152,"Plumbers, Pipefitters, And Steamfitters"
"NATURAL RESOURCES, CONSTRUCTION, AND MAINTENANCE OCCUPATIONS:",Construction and Extraction Occupations:,472161,Plasterers and Stucco Masons
"NATURAL RESOURCES, CONSTRUCTION, AND MAINTENANCE OCCUPATIONS:",Construction and Extraction Occupations:,472181,Roofers
"NATURAL RESOURCES, CONSTRUCTION, AND MAINTENANCE OCCUPATIONS:",Construction and Extraction Occupations:,472211,Sheet Metal Workers
"NATURAL RESOURCES, CONSTRUCTION, AND MAINTENANCE OCCUPATIONS:",Construction and Extraction Occupations:,472221,Structural Iron and Steel Workers
"NATURAL RESOURCES, CONSTRUCTION, AND MAINTENANCE OCCUPATIONS:",Construction and Extraction Occupations:,472231,Solar Photovoltaic Installers
"NATURAL RESOURCES, CONSTRUCTION, AND MAINTENANCE OCCUPATIONS:",Construction and Extraction Occupations:,473010,"Helpers, Construction Trades"
"NATURAL RESOURCES, CONSTRUCTION, AND MAINTENANCE OCCUPATIONS:",Construction and Extraction Occupations:,474011,Construction and Building Inspectors
"NATURAL RESOURCES, CONSTRUCTION, AND MAINTENANCE OCCUPATIONS:",Construction and Extraction Occupations:,474021,Elevator Installers and Repairers
"NATURAL RESOURCES, CONSTRUCTION, AND MAINTENANCE OCCUPATIONS:",Construction and Extraction Occupations:,474031,Fence Erectors
"NATURAL RESOURCES, CONSTRUCTION, AND MAINTENANCE OCCUPATIONS:",Construction and Extraction Occupations:,474041,Hazardous Materials Removal Workers
"NATURAL RESOURCES, CONSTRUCTION, AND MAINTENANCE OCCUPATIONS:",Construction and Extraction Occupations:,474051,Highway Maintenance Workers
"NATURAL RESOURCES, CONSTRUCTION, AND MAINTENANCE OCCUPATIONS:",Construction and Extraction Occupations:,474061,Rail-Track Laying and Maintenance Equipment Operators
"NATURAL RESOURCES, CONSTRUCTION, AND MAINTENANCE OCCUPATIONS:",Construction and Extraction Occupations:,4740XX,Other Construction And Related Workers
"NATURAL RESOURCES, CONSTRUCTION, AND MAINTENANCE OCCUPATIONS:",Construction and Extraction Occupations:,4750YY,"Derrick, rotary drill, and service unit operators, and roustabouts, oil, gas, and mining"
"NATURAL RESOURCES, CONSTRUCTION, AND MAINTENANCE OCCUPATIONS:",Construction and Extraction Occupations:,475020,Surface Mining Machine Operators And Earth Drillers
"NATURAL RESOURCES, CONSTRUCTION, AND MAINTENANCE OCCUPATIONS:",Construction and Extraction Occupations:,475032,"Explosives Workers, Ordnance Handling Experts, And Blasters"
"NATURAL RESOURCES, CONSTRUCTION, AND MAINTENANCE OCCUPATIONS:",Construction and Extraction Occupations:,475040,Underground Mining Machine Operators
"NATURAL RESOURCES, CONSTRUCTION, AND MAINTENANCE OCCUPATIONS:",Construction and Extraction Occupations:,4750XX,Other extraction workers
"NATURAL RESOURCES, CONSTRUCTION, AND MAINTENANCE OCCUPATIONS:","Installation, Maintenance, and Repair Occupations:",491011,"First-Line Supervisors of Mechanics, Installers, and Repairers"
"NATURAL RESOURCES, CONSTRUCTION, AND MAINTENANCE OCCUPATIONS:","Installation, Maintenance, and Repair Occupations:",492011,"Computer, Automated Teller, and Office Machine Repairers"
"NATURAL RESOURCES, CONSTRUCTION, AND MAINTENANCE OCCUPATIONS:","Installation, Maintenance, and Repair Occupations:",492020,Radio and Telecommunications Equipment Installers and Repairers
"NATURAL RESOURCES, CONSTRUCTION, AND MAINTENANCE OCCUPATIONS:","Installation, Maintenance, and Repair Occupations:",492091,Avionics Technicians
"NATURAL RESOURCES, CONSTRUCTION, AND MAINTENANCE OCCUPATIONS:","Installation, Maintenance, and Repair Occupations:",492092,"Electric Motor, Power Tool, and Related Repairers"
"NATURAL RESOURCES, CONSTRUCTION, AND MAINTENANCE OCCUPATIONS:","Installation, Maintenance, and Repair Occupations:",49209X,"Other Electrical And Electronic Equipment Mechanics, Installers, and Repairers"
"NATURAL RESOURCES, CONSTRUCTION, AND MAINTENANCE OCCUPATIONS:","Installation, Maintenance, and Repair Occupations:",492097,Electronic Home Entertainment Equipment Installers and Repairers
"NATURAL RESOURCES, CONSTRUCTION, AND MAINTENANCE OCCUPATIONS:","Installation, Maintenance, and Repair Occupations:",492098,Security and Fire Alarm Systems Installers
"NATURAL RESOURCES, CONSTRUCTION, AND MAINTENANCE OCCUPATIONS:","Installation, Maintenance, and Repair Occupations:",493011,Aircraft Mechanics and Service Technicians
"NATURAL RESOURCES, CONSTRUCTION, AND MAINTENANCE OCCUPATIONS:","Installation, Maintenance, and Repair Occupations:",493021,Automotive Body and Related Repairers
"NATURAL RESOURCES, CONSTRUCTION, AND MAINTENANCE OCCUPATIONS:","Installation, Maintenance, and Repair Occupations:",493022,Automotive Glass Installers and Repairers
"NATURAL RESOURCES, CONSTRUCTION, AND MAINTENANCE OCCUPATIONS:","Installation, Maintenance, and Repair Occupations:",493023,Automotive Service Technicians and Mechanics
"NATURAL RESOURCES, CONSTRUCTION, AND MAINTENANCE OCCUPATIONS:","Installation, Maintenance, and Repair Occupations:",493031,Bus and Truck Mechanics and Diesel Engine Specialists
"NATURAL RESOURCES, CONSTRUCTION, AND MAINTENANCE OCCUPATIONS:","Installation, Maintenance, and Repair Occupations:",493040,Heavy Vehicle and Mobile Equipment Service Technicians and Mechanics
"NATURAL RESOURCES, CONSTRUCTION, AND MAINTENANCE OCCUPATIONS:","Installation, Maintenance, and Repair Occupations:",493050,Small Engine Mechanics
"NATURAL RESOURCES, CONSTRUCTION, AND MAINTENANCE OCCUPATIONS:","Installation, Maintenance, and Repair Occupations:",493090,"Miscellaneous Vehicle and Mobile Equipment Mechanics, Installers, and Repairers"
"NATURAL RESOURCES, CONSTRUCTION, AND MAINTENANCE OCCUPATIONS:","Installation, Maintenance, and Repair Occupations:",499010,Control and Valve Installers and Repairers
"NATURAL RESOURCES, CONSTRUCTION, AND MAINTENANCE OCCUPATIONS:","Installation, Maintenance, and Repair Occupations:",499021,"Heating, Air Conditioning, and Refrigeration Mechanics and Installers"
"NATURAL RESOURCES, CONSTRUCTION, AND MAINTENANCE OCCUPATIONS:","Installation, Maintenance, and Repair Occupations:",499031,Home Appliance Repairers
"NATURAL RESOURCES, CONSTRUCTION, AND MAINTENANCE OCCUPATIONS:","Installation, Maintenance, and Repair Occupations:",49904X,Industrial and Refractory Machinery Mechanic
"NATURAL RESOURCES, CONSTRUCTION, AND MAINTENANCE OCCUPATIONS:","Installation, Maintenance, and Repair Occupations:",499071,"Maintenance and Repair Workers, General"
"NATURAL RESOURCES, CONSTRUCTION, AND MAINTENANCE OCCUPATIONS:","Installation, Maintenance, and Repair Occupations:",499043,"Maintenance Workers, Machinery"
"NATURAL RESOURCES, CONSTRUCTION, AND MAINTENANCE OCCUPATIONS:","Installation, Maintenance, and Repair Occupations:",499044,Millwrights
"NATURAL RESOURCES, CONSTRUCTION, AND MAINTENANCE OCCUPATIONS:","Installation, Maintenance, and Repair Occupations:",499051,Electrical Power-Line Installers and Repairers
"NATURAL RESOURCES, CONSTRUCTION, AND MAINTENANCE OCCUPATIONS:","Installation, Maintenance, and Repair Occupations:",499052,Telecommunications Line Installers and Repairers
"NATURAL RESOURCES, CONSTRUCTION, AND MAINTENANCE OCCUPATIONS:","Installation, Maintenance, and Repair Occupations:",499060,Precision Instrument and Equipment Repairers
"NATURAL RESOURCES, CONSTRUCTION, AND MAINTENANCE OCCUPATIONS:","Installation, Maintenance, and Repair Occupations:",499091,"Coin, Vending, and Amusement Machine Servicers and Repairers"
"NATURAL RESOURCES, CONSTRUCTION, AND MAINTENANCE OCCUPATIONS:","Installation, Maintenance, and Repair Occupations:",499094,Locksmiths and Safe Repairers
"NATURAL RESOURCES, CONSTRUCTION, AND MAINTENANCE OCCUPATIONS:","Installation, Maintenance, and Repair Occupations:",499096,Riggers
"NATURAL RESOURCES, CONSTRUCTION, AND MAINTENANCE OCCUPATIONS:","Installation, Maintenance, and Repair Occupations:",499098,"Helpers--Installation, Maintenance, and Repair Workers"
"NATURAL RESOURCES, CONSTRUCTION, AND MAINTENANCE OCCUPATIONS:","Installation, Maintenance, and Repair Occupations:",4990XX,"Other Installation, Maintenance, And Repair Workers"
"PRODUCTION, TRANSPORTATION, AND MATERIAL MOVING OCCUPATIONS:",Production Occupations:,511011,First-Line Supervisors of Production and Operating Workers
"PRODUCTION, TRANSPORTATION, AND MATERIAL MOVING OCCUPATIONS:",Production Occupations:,512020,"Electrical, Electronics, and Electromechanical Assemblers"
"PRODUCTION, TRANSPORTATION, AND MATERIAL MOVING OCCUPATIONS:",Production Occupations:,512031,Engine and Other Machine Assemblers
"PRODUCTION, TRANSPORTATION, AND MATERIAL MOVING OCCUPATIONS:",Production Occupations:,512041,Structural Metal Fabricators and Fitters
"PRODUCTION, TRANSPORTATION, AND MATERIAL MOVING OCCUPATIONS:",Production Occupations:,5120XX,Other Assemblers and Fabricators
"PRODUCTION, TRANSPORTATION, AND MATERIAL MOVING OCCUPATIONS:",Production Occupations:,513011,Bakers
"PRODUCTION, TRANSPORTATION, AND MATERIAL MOVING OCCUPATIONS:",Production Occupations:,513020,"Butchers and Other Meat, Poultry, and Fish Processing Workers"
"PRODUCTION, TRANSPORTATION, AND MATERIAL MOVING OCCUPATIONS:",Production Occupations:,513091,"Food and Tobacco Roasting, Baking, and Drying Machine Operators and Tenders"
"PRODUCTION, TRANSPORTATION, AND MATERIAL MOVING OCCUPATIONS:",Production Occupations:,513092,Food Batchmakers
"PRODUCTION, TRANSPORTATION, AND MATERIAL MOVING OCCUPATIONS:",Production Occupations:,513093,Food Cooking Machine Operators and Tenders
"PRODUCTION, TRANSPORTATION, AND MATERIAL MOVING OCCUPATIONS:",Production Occupations:,513099,"Food Processing Workers, AllOther"
"PRODUCTION, TRANSPORTATION, AND MATERIAL MOVING OCCUPATIONS:",Production Occupations:,519160,Computer Numerically Controlled Tool Operators And Programmers
"PRODUCTION, TRANSPORTATION, AND MATERIAL MOVING OCCUPATIONS:",Production Occupations:,514020,"Forming Machine Setters, Operators, And Tenders, Metal And Plastic"
"PRODUCTION, TRANSPORTATION, AND MATERIAL MOVING OCCUPATIONS:",Production Occupations:,514031,"Cutting, Punching, and Press Machine Setters, Operators, and Tenders, Metal and Plastic"
"PRODUCTION, TRANSPORTATION, AND MATERIAL MOVING OCCUPATIONS:",Production Occupations:,514033,"Grinding, Lapping, Polishing, and Buffing Machine Tool Setters, Operators, and Tenders, Metal and Plastic"
"PRODUCTION, TRANSPORTATION, AND MATERIAL MOVING OCCUPATIONS:",Production Occupations:,51403X,"Other Machine Tool Setters, Operators, And Tenders, Metal And Plastic"
"PRODUCTION, TRANSPORTATION, AND MATERIAL MOVING OCCUPATIONS:",Production Occupations:,514041,Machinists
"PRODUCTION, TRANSPORTATION, AND MATERIAL MOVING OCCUPATIONS:",Production Occupations:,514050,"Metal Furnace Operators, Tenders, Pourers, and Casters"
"PRODUCTION, TRANSPORTATION, AND MATERIAL MOVING OCCUPATIONS:",Production Occupations:,5140XX,"Model Makers, Patternmakers, and Molding Machine Setters, Metal and Plastic"
"PRODUCTION, TRANSPORTATION, AND MATERIAL MOVING OCCUPATIONS:",Production Occupations:,514111,Tool and Die Makers
"PRODUCTION, TRANSPORTATION, AND MATERIAL MOVING OCCUPATIONS:",Production Occupations:,514120,"Welding, Soldering, and Brazing Workers"
"PRODUCTION, TRANSPORTATION, AND MATERIAL MOVING OCCUPATIONS:",Production Occupations:,514XXX,Other Metal Workers And Plastic Workers
"PRODUCTION, TRANSPORTATION, AND MATERIAL MOVING OCCUPATIONS:",Production Occupations:,515111,Prepress Technicians and Workers
"PRODUCTION, TRANSPORTATION, AND MATERIAL MOVING OCCUPATIONS:",Production Occupations:,515112,Printing Press Operators
"PRODUCTION, TRANSPORTATION, AND MATERIAL MOVING OCCUPATIONS:",Production Occupations:,515113,Print Binding and Finishing Workers
"PRODUCTION, TRANSPORTATION, AND MATERIAL MOVING OCCUPATIONS:",Production Occupations:,516011,Laundry and Dry-Cleaning Workers
"PRODUCTION, TRANSPORTATION, AND MATERIAL MOVING OCCUPATIONS:",Production Occupations:,516021,"Pressers, Textile, Garment, and Related Materials"
"PRODUCTION, TRANSPORTATION, AND MATERIAL MOVING OCCUPATIONS:",Production Occupations:,516031,Sewing Machine Operators
"PRODUCTION, TRANSPORTATION, AND MATERIAL MOVING OCCUPATIONS:",Production Occupations:,516040,Shoe and Leather Workers
"PRODUCTION, TRANSPORTATION, AND MATERIAL MOVING OCCUPATIONS:",Production Occupations:,516050,"Tailors, Dressmakers, and Sewers"
"PRODUCTION, TRANSPORTATION, AND MATERIAL MOVING OCCUPATIONS:",Production Occupations:,516060,"Textile Machine Setters, Operators, And Tenders"
"PRODUCTION, TRANSPORTATION, AND MATERIAL MOVING OCCUPATIONS:",Production Occupations:,516093,Upholsterers
"PRODUCTION, TRANSPORTATION, AND MATERIAL MOVING OCCUPATIONS:",Production Occupations:,51609X,"Other Textile, Apparel, And Furnishings Workers"
"PRODUCTION, TRANSPORTATION, AND MATERIAL MOVING OCCUPATIONS:",Production Occupations:,517011,Cabinetmakers and Bench Carpenters
"PRODUCTION, TRANSPORTATION, AND MATERIAL MOVING OCCUPATIONS:",Production Occupations:,517021,Furniture Finishers
"PRODUCTION, TRANSPORTATION, AND MATERIAL MOVING OCCUPATIONS:",Production Occupations:,517041,"Sawing Machine Setters, Operators, and Tenders, Wood"
"PRODUCTION, TRANSPORTATION, AND MATERIAL MOVING OCCUPATIONS:",Production Occupations:,517042,"Woodworking Machine Setters, Operators, and Tenders, Except Sawing"
"PRODUCTION, TRANSPORTATION, AND MATERIAL MOVING OCCUPATIONS:",Production Occupations:,5170XX,Other Woodworkers
"PRODUCTION, TRANSPORTATION, AND MATERIAL MOVING OCCUPATIONS:",Production Occupations:,518010,"Power Plant Operators, Distributors, and Dispatchers"
"PRODUCTION, TRANSPORTATION, AND MATERIAL MOVING OCCUPATIONS:",Production Occupations:,518021,Stationary Engineers and Boiler Operators
"PRODUCTION, TRANSPORTATION, AND MATERIAL MOVING OCCUPATIONS:",Production Occupations:,518031,Water and Wastewater Treatment Plant and System Operators
"PRODUCTION, TRANSPORTATION, AND MATERIAL MOVING OCCUPATIONS:",Production Occupations:,518090,Miscellaneous Plant and System Operators
"PRODUCTION, TRANSPORTATION, AND MATERIAL MOVING OCCUPATIONS:",Production Occupations:,519010,"Chemical Processing Machine Setters, Operators, and Tenders"
"PRODUCTION, TRANSPORTATION, AND MATERIAL MOVING OCCUPATIONS:",Production Occupations:,519020,"Crushing, Grinding, Polishing, Mixing, and Blending Workers"
"PRODUCTION, TRANSPORTATION, AND MATERIAL MOVING OCCUPATIONS:",Production Occupations:,519030,Cutting Workers
"PRODUCTION, TRANSPORTATION, AND MATERIAL MOVING OCCUPATIONS:",Production Occupations:,519041,"Extruding, Forming, Pressing, and Compacting Machine Setters, Operators, and Tenders"
"PRODUCTION, TRANSPORTATION, AND MATERIAL MOVING OCCUPATIONS:",Production Occupations:,519051,"Furnace, Kiln, Oven, Drier, and Kettle Operators and Tenders"
"PRODUCTION, TRANSPORTATION, AND MATERIAL MOVING OCCUPATIONS:",Production Occupations:,519061,"Inspectors, Testers, Sorters, Samplers, and Weighers"
"PRODUCTION, TRANSPORTATION, AND MATERIAL MOVING OCCUPATIONS:",Production Occupations:,519071,Jewelers and Precious Stone and Metal Workers
"PRODUCTION, TRANSPORTATION, AND MATERIAL MOVING OCCUPATIONS:",Production Occupations:,519080,"Medical, Dental, and Ophthalmic Laboratory Technicians"
"PRODUCTION, TRANSPORTATION, AND MATERIAL MOVING OCCUPATIONS:",Production Occupations:,519111,Packaging and Filling Machine Operators and Tenders
"PRODUCTION, TRANSPORTATION, AND MATERIAL MOVING OCCUPATIONS:",Production Occupations:,519120,Painting Workers
"PRODUCTION, TRANSPORTATION, AND MATERIAL MOVING OCCUPATIONS:",Production Occupations:,519151,Photographic Process Workers and Processing Machine Operators
"PRODUCTION, TRANSPORTATION, AND MATERIAL MOVING OCCUPATIONS:",Production Occupations:,519191,Adhesive Bonding Machine Operators and Tenders
"PRODUCTION, TRANSPORTATION, AND MATERIAL MOVING OCCUPATIONS:",Production Occupations:,519194,Etchers and Engravers
"PRODUCTION, TRANSPORTATION, AND MATERIAL MOVING OCCUPATIONS:",Production Occupations:,519195,"Molders, Shapers, and Casters, Except Metal and Plastic"
"PRODUCTION, TRANSPORTATION, AND MATERIAL MOVING OCCUPATIONS:",Production Occupations:,519196,"Paper Goods Machine Setters, Operators, and Tenders"
"PRODUCTION, TRANSPORTATION, AND MATERIAL MOVING OCCUPATIONS:",Production Occupations:,519197,Tire Builders
"PRODUCTION, TRANSPORTATION, AND MATERIAL MOVING OCCUPATIONS:",Production Occupations:,519198,Helpers--Production Workers
"PRODUCTION, TRANSPORTATION, AND MATERIAL MOVING OCCUPATIONS:",Production Occupations:,5191XX,"Miscellaneous Production Workers, Including Equipment Operators and Tenders"
"PRODUCTION, TRANSPORTATION, AND MATERIAL MOVING OCCUPATIONS:",Transportation Occupations:,531000,Supervisors of Transportation and Material Moving Workers
"PRODUCTION, TRANSPORTATION, AND MATERIAL MOVING OCCUPATIONS:",Transportation Occupations:,532010,Aircraft Pilots and Flight Engineers
"PRODUCTION, TRANSPORTATION, AND MATERIAL MOVING OCCUPATIONS:",Transportation Occupations:,532020,Air Traffic Controllers and Airfield Operations Specialists
"PRODUCTION, TRANSPORTATION, AND MATERIAL MOVING OCCUPATIONS:",Transportation Occupations:,532031,Flight Attendants
"PRODUCTION, TRANSPORTATION, AND MATERIAL MOVING OCCUPATIONS:",Transportation Occupations:,533011,"Ambulance Drivers and Attendants, Except Emergency Medical Technicians"
"PRODUCTION, TRANSPORTATION, AND MATERIAL MOVING OCCUPATIONS:",Transportation Occupations:,533051,"Bus Drivers, School"
"PRODUCTION, TRANSPORTATION, AND MATERIAL MOVING OCCUPATIONS:",Transportation Occupations:,533052,"Bus Drivers, Transit And Intercity"
"PRODUCTION, TRANSPORTATION, AND MATERIAL MOVING OCCUPATIONS:",Transportation Occupations:,533030,Driver/Sales Workers and Truck Drivers
"PRODUCTION, TRANSPORTATION, AND MATERIAL MOVING OCCUPATIONS:",Transportation Occupations:,533053,Shuttle Drivers and Chauffeurs
"PRODUCTION, TRANSPORTATION, AND MATERIAL MOVING OCCUPATIONS:",Transportation Occupations:,533054,Taxi Drivers
"PRODUCTION, TRANSPORTATION, AND MATERIAL MOVING OCCUPATIONS:",Transportation Occupations:,533099,"Motor Vehicle Operators, All Other"
"PRODUCTION, TRANSPORTATION, AND MATERIAL MOVING OCCUPATIONS:",Transportation Occupations:,534010,Locomotive Engineers and Operators
"PRODUCTION, TRANSPORTATION, AND MATERIAL MOVING OCCUPATIONS:",Transportation Occupations:,534031,Railroad Conductors and Yardmasters
"PRODUCTION, TRANSPORTATION, AND MATERIAL MOVING OCCUPATIONS:",Transportation Occupations:,5340XX,Other Rail Transportation Workers
"PRODUCTION, TRANSPORTATION, AND MATERIAL MOVING OCCUPATIONS:",Transportation Occupations:,5350XX,"Sailors and marine oilers, and ship engineers"
"PRODUCTION, TRANSPORTATION, AND MATERIAL MOVING OCCUPATIONS:",Transportation Occupations:,535020,Ship and Boat Captains and Operators
"PRODUCTION, TRANSPORTATION, AND MATERIAL MOVING OCCUPATIONS:",Transportation Occupations:,536021,Parking Lot Attendants
"PRODUCTION, TRANSPORTATION, AND MATERIAL MOVING OCCUPATIONS:",Transportation Occupations:,536030,Transportation Service Attendants
"PRODUCTION, TRANSPORTATION, AND MATERIAL MOVING OCCUPATIONS:",Transportation Occupations:,536051,Transportation Inspectors
"PRODUCTION, TRANSPORTATION, AND MATERIAL MOVING OCCUPATIONS:",Transportation Occupations:,536061,Passenger Attendants
"PRODUCTION, TRANSPORTATION, AND MATERIAL MOVING OCCUPATIONS:",Transportation Occupations:,5360XX,Other transportation workers
"PRODUCTION, TRANSPORTATION, AND MATERIAL MOVING OCCUPATIONS:",Material Moving Occupations:,537021,Crane and Tower Operators
"PRODUCTION, TRANSPORTATION, AND MATERIAL MOVING OCCUPATIONS:",Material Moving Occupations:,5370XX,"Conveyor, Dredge, And Hoist And Winch Operators"
"PRODUCTION, TRANSPORTATION, AND MATERIAL MOVING OCCUPATIONS:",Material Moving Occupations:,537051,Industrial Truck and Tractor Operators
"PRODUCTION, TRANSPORTATION, AND MATERIAL MOVING OCCUPATIONS:",Material Moving Occupations:,537061,Cleaners of Vehicles and Equipment
"PRODUCTION, TRANSPORTATION, AND MATERIAL MOVING OCCUPATIONS:",Material Moving Occupations:,537062,"Laborers and Freight, Stock, and Material Movers, Hand"
"PRODUCTION, TRANSPORTATION, AND MATERIAL MOVING OCCUPATIONS:",Material Moving Occupations:,537063,Machine Feeders and Offbearers
"PRODUCTION, TRANSPORTATION, AND MATERIAL MOVING OCCUPATIONS:",Material Moving Occupations:,537064,"Packers and Packagers, Hand"
"PRODUCTION, TRANSPORTATION, AND MATERIAL MOVING OCCUPATIONS:",Material Moving Occupations:,537065,Stockers And Order Fillers
"PRODUCTION, TRANSPORTATION, AND MATERIAL MOVING OCCUPATIONS:",Material Moving Occupations:,537070,Pumping Station Operators
"PRODUCTION, TRANSPORTATION, AND MATERIAL MOVING OCCUPATIONS:",Material Moving Occupations:,537081,Refuse and Recyclable Material Collectors
"PRODUCTION, TRANSPORTATION, AND MATERIAL MOVING OCCUPATIONS:",Material Moving Occupations:,5371XX,Other Material Moving Workers
"PRODUCTION, TRANSPORTATION, AND MATERIAL MOVING OCCUPATIONS:",Military Specific Occupations:,551010,Military Officer Special and Tactical Operations Leaders
"PRODUCTION, TRANSPORTATION, AND MATERIAL MOVING OCCUPATIONS:",Military Specific Occupations:,552010,First-Line Enlisted Military Supervisors
"PRODUCTION, TRANSPORTATION, AND MATERIAL MOVING OCCUPATIONS:",Military Specific Occupations:,553010,Military Enlisted Tactical Operations and Air/Weapons Specialists and Crew Members
"PRODUCTION, TRANSPORTATION, AND MATERIAL MOVING OCCUPATIONS:",Military Specific Occupations:,559830,"Military, Rank Not Specified"
"PRODUCTION, TRANSPORTATION, AND MATERIAL MOVING OCCUPATIONS:",Unemployed:,999920,"Unemployed, with No Work Experience in the Last 5 Years or Earlier or Never Worked"